,user_id,trx_date,last_trx_date,delta,flag
0,2690923546,2019-01-24,2019-02-09,16,1
1,2706381515,2019-01-30,2019-02-27,28,1
2,2762014923,2019-01-30,2019-02-28,29,1
3,2826429982,2019-01-30,2019-02-27,28,1
4,2872739820,2018-12-29,2018-12-29,0,0
5,2944518861,2018-12-14,2018-12-14,0,0
6,2977207754,2019-01-10,2019-02-27,48,1
7,3005119793,2019-01-30,2019-02-28,29,1
8,3021922759,2018-12-27,2018-12-27,0,0
9,3037884724,2018-12-19,2019-02-26,69,1
10,3042649729,2019-01-30,2019-02-28,29,1
11,3045889458,2019-01-30,2019-02-25,26,1
12,3045982388,2019-01-30,2019-02-24,25,1
13,3047727965,2018-12-16,2019-02-28,74,1
14,3051433212,2018-12-31,2019-02-28,59,1
15,3056545273,2019-01-23,2019-01-23,0,0
16,3056868501,2018-11-14,2019-02-26,104,1
17,3057801831,2019-01-28,2019-02-20,23,1
18,3057937196,2019-01-03,2019-02-20,48,1
19,3060860922,2018-12-26,2018-12-26,0,0
20,3067452595,2019-01-30,2019-02-28,29,1
21,3069259451,2019-01-25,2019-02-28,34,1
22,3070497233,2019-01-30,2019-02-23,24,1
23,3071803431,2019-01-19,2019-02-23,35,1
24,3080262032,2019-01-23,2019-01-23,0,0
25,3083437192,2019-01-29,2019-02-13,15,1
26,3084664030,2018-12-26,2019-02-26,62,1
27,3157671200,2019-01-23,2019-02-28,36,1
28,3159642480,2019-01-30,2019-02-19,20,1
29,3188662354,2019-01-25,2019-02-25,31,1
30,3278329631,2019-01-02,2019-01-02,0,0
31,3297724851,2018-11-15,2019-02-25,102,1
32,3331339889,2019-01-27,2019-02-25,29,1
33,3333625407,2019-01-25,2019-02-27,33,1
34,3334915622,2018-12-26,2018-12-26,0,0
35,3335004514,2019-01-30,2019-02-28,29,1
36,3343845992,2018-11-19,2018-11-19,0,0
37,3351777694,2019-01-30,2019-02-28,29,1
38,3354813911,2018-11-24,2018-11-24,0,0
39,3356398090,2019-01-10,2019-02-08,29,1
40,3361552034,2019-01-09,2019-02-20,42,1
41,3363183638,2019-01-17,2019-01-17,0,0
42,3363453335,2018-12-07,2018-12-07,0,0
43,3369951831,2019-01-30,2019-02-28,29,1
44,3370150821,2019-01-29,2019-02-28,30,1
45,3371826679,2018-12-13,2019-02-17,66,1
46,3387783931,2019-01-29,2019-02-06,8,1
47,3388715717,2019-01-30,2019-02-28,29,1
48,3390712261,2019-01-08,2019-02-22,45,1
49,3394198555,2018-12-15,2018-12-15,0,0
50,3399726450,2018-11-03,2018-11-03,0,0
51,3405595425,2019-01-30,2019-02-28,29,1
52,3413318951,2019-01-29,2019-01-29,0,0
53,3419626621,2019-01-14,2019-01-14,0,0
54,3422476695,2019-01-30,2019-02-26,27,1
55,3428845815,2019-01-13,2019-01-13,0,0
56,3432237255,2018-12-24,2019-02-18,56,1
57,3432618063,2018-12-25,2018-12-25,0,0
58,3432855431,2019-01-30,2019-02-28,29,1
59,3432904922,2019-01-24,2019-02-28,35,1
60,3435054954,2019-01-30,2019-02-22,23,1
61,3442243840,2019-01-30,2019-02-28,29,1
62,3443143835,2019-01-30,2019-02-18,19,1
63,3446787041,2019-01-12,2019-02-28,47,1
64,3448590935,2019-01-10,2019-02-28,49,1
65,3455687387,2019-01-20,2019-02-20,31,1
66,3458643425,2018-12-08,2018-12-08,0,0
67,3478895860,2019-01-22,2019-01-22,0,0
68,3478960511,2018-12-21,2018-12-21,0,0
69,3507358645,2019-01-29,2019-01-29,0,0
70,3527948721,2018-11-02,2018-11-02,0,0
71,3538529795,2018-11-10,2018-11-10,0,0
72,3541568451,2018-11-10,2018-11-10,0,0
73,3545002564,2019-01-11,2019-01-11,0,0
74,3546724304,2018-12-28,2018-12-28,0,0
75,3548436966,2019-01-30,2019-02-09,10,1
76,3550028331,2019-01-29,2019-02-18,20,1
77,3551570945,2019-01-29,2019-02-28,30,1
78,3554982134,2019-01-22,2019-02-28,37,1
79,3559432379,2019-01-26,2019-02-28,33,1
80,3566543341,2018-12-17,2019-02-16,61,1
81,3576018772,2019-01-24,2019-02-26,33,1
82,3585702862,2019-01-24,2019-01-24,0,0
83,3587014260,2019-01-29,2019-02-26,28,1
84,3592819528,2019-01-10,2019-01-10,0,0
85,3610336891,2019-01-18,2019-01-18,0,0
86,3614160371,2018-12-15,2018-12-15,0,0
87,3615649633,2019-01-10,2019-02-28,49,1
88,3624339899,2019-01-10,2019-02-27,48,1
89,3626236545,2019-01-20,2019-02-28,39,1
90,3632609786,2019-01-06,2019-01-06,0,0
91,3642138221,2018-11-08,2019-02-10,94,1
92,3693094437,2019-01-30,2019-02-28,29,1
93,3710802333,2019-01-30,2019-02-28,29,1
94,3715078645,2019-01-08,2019-02-12,35,1
95,3716160905,2018-11-11,2018-11-11,0,0
96,3718568934,2019-01-30,2019-02-20,21,1
97,3718577028,2019-01-28,2019-01-28,0,0
98,3720274234,2018-11-28,2019-02-21,85,1
99,3723000823,2018-11-11,2018-11-11,0,0
100,3724296094,2018-12-26,2018-12-26,0,0
101,3725713925,2018-11-11,2018-11-11,0,0
102,3725777565,2019-01-23,2019-02-28,36,1
103,3726819772,2018-11-25,2018-11-25,0,0
104,3726940984,2019-01-26,2019-02-14,19,1
105,3730177455,2019-01-23,2019-02-27,35,1
106,3730229972,2019-01-30,2019-02-28,29,1
107,3731718505,2018-12-29,2018-12-29,0,0
108,3733045135,2019-01-05,2019-01-05,0,0
109,3738735518,2018-12-30,2018-12-30,0,0
110,3744598640,2019-01-29,2019-01-29,0,0
111,3756286922,2019-01-10,2019-02-19,40,1
112,3758197657,2018-11-14,2018-11-14,0,0
113,3783356171,2018-11-23,2018-11-23,0,0
114,3783495566,2018-11-17,2018-11-17,0,0
115,3786571380,2019-01-30,2019-02-28,29,1
116,3786637044,2018-12-12,2019-02-22,72,1
117,3787929821,2018-12-19,2018-12-19,0,0
118,3792828483,2019-01-14,2019-01-14,0,0
119,3794389339,2019-01-14,2019-02-23,40,1
120,3794405497,2019-01-10,2019-02-13,34,1
121,3803687683,2019-01-26,2019-02-03,8,1
122,3803696773,2019-01-29,2019-02-28,30,1
123,3803745268,2018-12-22,2019-02-10,50,1
124,3803798792,2018-12-31,2019-02-02,33,1
125,3805363374,2019-01-30,2019-02-27,28,1
126,3806515709,2018-12-25,2018-12-25,0,0
127,3807893693,2019-01-30,2019-02-28,29,1
128,3807920960,2019-01-27,2019-01-27,0,0
129,3810650432,2018-11-11,2018-11-11,0,0
130,3815742396,2018-12-25,2018-12-25,0,0
131,3816821423,2019-01-27,2019-02-21,25,1
132,3816857781,2018-11-11,2019-02-03,84,1
133,3820909478,2018-11-10,2019-02-24,106,1
134,3822583272,2018-12-24,2018-12-24,0,0
135,3822663073,2018-12-29,2018-12-29,0,0
136,3822802461,2019-01-30,2019-02-25,26,1
137,3825473411,2019-01-27,2019-01-27,0,0
138,3825480484,2018-11-23,2018-11-23,0,0
139,3825559272,2018-11-11,2018-11-11,0,0
140,3828601206,2018-12-15,2018-12-15,0,0
141,3832601720,2018-12-02,2018-12-02,0,0
142,3832605760,2018-11-16,2018-11-16,0,0
143,3832807788,2019-01-29,2019-02-23,25,1
144,3836019235,2018-12-15,2019-02-27,74,1
145,3836028327,2018-11-14,2018-11-14,0,0
146,3837650105,2019-01-07,2019-01-07,0,0
147,3837651115,2019-01-30,2019-02-28,29,1
148,3837668285,2018-12-07,2018-12-07,0,0
149,3840361715,2019-01-29,2019-02-27,29,1
150,3840413230,2018-12-21,2018-12-21,0,0
151,3841260109,2018-12-26,2019-02-16,52,1
152,3841405553,2018-11-24,2018-11-24,0,0
153,3841419695,2019-01-21,2019-02-24,34,1
154,3844789348,2018-12-05,2019-02-28,85,1
155,3846207631,2019-01-16,2019-02-25,40,1
156,3850602392,2019-01-28,2019-02-26,29,1
157,3858489670,2018-12-25,2018-12-25,0,0
158,3861220709,2018-12-25,2019-02-10,47,1
159,3861401515,2019-01-30,2019-02-28,29,1
160,3863774301,2019-01-26,2019-02-20,25,1
161,3865511720,2019-01-26,2019-02-14,19,1
162,3865521826,2019-01-05,2019-02-27,53,1
163,3865579405,2019-01-18,2019-02-13,26,1
164,3867511700,2018-12-12,2018-12-12,0,0
165,3870332792,2018-11-17,2018-11-17,0,0
166,3871504444,2019-01-30,2019-02-20,21,1
167,3871636763,2018-12-19,2019-02-28,71,1
168,3874663164,2019-01-07,2019-02-05,29,1
169,3878916787,2019-01-19,2019-02-26,38,1
170,3882496640,2018-12-12,2018-12-12,0,0
171,3889356866,2018-11-11,2018-11-11,0,0
172,3892201483,2019-01-26,2019-02-20,25,1
173,3893785933,2018-12-29,2019-02-15,48,1
174,3898982405,2018-11-08,2019-02-18,102,1
175,3900196950,2019-01-04,2019-01-04,0,0
176,3909844119,2019-01-30,2019-02-27,28,1
177,3912061655,2018-11-19,2018-11-19,0,0
178,3913791162,2018-12-13,2018-12-13,0,0
179,3917040479,2019-01-04,2019-02-25,52,1
180,3919897804,2018-12-13,2018-12-13,0,0
181,3921413223,2019-01-06,2019-02-23,48,1
182,3921446553,2019-01-30,2019-01-30,0,0
183,3923986545,2019-01-05,2019-01-05,0,0
184,3924054225,2018-11-30,2018-11-30,0,0
185,3926255842,2018-11-19,2018-11-19,0,0
186,3947660748,2018-12-20,2018-12-20,0,0
187,3947828449,2018-12-12,2019-02-10,60,1
188,3950834406,2018-12-29,2018-12-29,0,0
189,3957926326,2019-01-29,2019-02-26,28,1
190,3959285144,2019-01-28,2019-02-27,30,1
191,3963509230,2018-11-23,2019-02-22,91,1
192,3970103250,2018-12-11,2018-12-11,0,0
193,3971281467,2018-12-27,2019-02-16,51,1
194,3972457380,2019-01-24,2019-02-02,9,1
195,3976949070,2018-12-13,2019-02-28,77,1
196,3979847269,2018-11-11,2018-11-11,0,0
197,3979923033,2019-01-28,2019-02-11,14,1
198,3981177482,2018-11-30,2019-02-05,67,1
199,3987224715,2019-01-20,2019-02-22,33,1
200,3989335693,2018-11-21,2018-11-21,0,0
201,3989668023,2019-01-27,2019-02-27,31,1
202,3992937295,2018-12-20,2018-12-20,0,0
203,3993141341,2019-01-29,2019-02-28,30,1
204,3993163565,2019-01-30,2019-02-24,25,1
205,3994662698,2018-11-16,2018-11-16,0,0
206,3994769762,2019-01-16,2019-02-12,27,1
207,3996166143,2019-01-16,2019-01-16,0,0
208,3998586255,2019-01-30,2019-02-28,29,1
209,3998708480,2018-11-18,2018-11-18,0,0
210,3998736771,2018-12-21,2019-02-28,69,1
211,4000364601,2018-12-12,2018-12-12,0,0
212,4000436326,2018-12-14,2018-12-14,0,0
213,4000481784,2018-11-27,2018-11-27,0,0
214,4002222574,2018-12-20,2018-12-20,0,0
215,4003694141,2019-01-29,2019-02-24,26,1
216,4013015536,2019-01-29,2019-02-28,30,1
217,4013068062,2019-01-15,2019-02-05,21,1
218,4013803410,2018-12-21,2019-02-01,42,1
219,4014922550,2019-01-30,2019-02-28,29,1
220,4015122553,2019-01-30,2019-02-27,28,1
221,4015482158,2018-11-25,2018-11-25,0,0
222,4017267344,2019-01-04,2019-02-24,51,1
223,4018901546,2019-01-29,2019-02-23,25,1
224,4019746661,2019-01-26,2019-01-26,0,0
225,4020350705,2019-01-30,2019-02-28,29,1
226,4020605915,2019-01-23,2019-02-28,36,1
227,4021053399,2018-12-13,2018-12-13,0,0
228,4021216022,2018-12-23,2018-12-23,0,0
229,4021388745,2018-12-15,2019-02-20,67,1
230,4022539131,2019-01-24,2019-02-20,27,1
231,4022633077,2019-01-23,2019-01-23,0,0
232,4022708832,2018-12-26,2018-12-26,0,0
233,4023882775,2019-01-30,2019-02-24,25,1
234,4024614090,2019-01-26,2019-02-25,30,1
235,4028282646,2019-01-30,2019-02-18,19,1
236,4028416984,2019-01-20,2019-02-19,30,1
237,4030872945,2018-12-22,2019-02-22,62,1
238,4032628784,2019-01-23,2019-02-26,34,1
239,4034779392,2018-12-23,2018-12-23,0,0
240,4034876363,2019-01-07,2019-02-28,52,1
241,4034932922,2018-12-13,2018-12-13,0,0
242,4035861984,2019-01-27,2019-01-27,0,0
243,4035885225,2019-01-30,2019-02-28,29,1
244,4035961994,2018-11-24,2018-11-24,0,0
245,4036082201,2019-01-08,2019-01-08,0,0
246,4037351476,2018-11-14,2018-11-14,0,0
247,4037452483,2019-01-27,2019-02-24,28,1
248,4037513092,2018-12-19,2018-12-19,0,0
249,4037569651,2019-01-21,2019-02-19,29,1
250,4039517861,2019-01-30,2019-02-27,28,1
251,4040602798,2018-12-01,2019-02-26,87,1
252,4040842194,2018-11-10,2018-11-10,0,0
253,4042586957,2019-01-30,2019-02-07,8,1
254,4042804149,2019-01-18,2019-02-09,22,1
255,4047838978,2019-01-09,2019-02-15,37,1
256,4047937967,2018-12-15,2018-12-15,0,0
257,4048077365,2019-01-26,2019-02-23,28,1
258,4048091507,2019-01-26,2019-01-26,0,0
259,4049115086,2018-12-29,2018-12-29,0,0
260,4050378258,2018-12-19,2018-12-19,0,0
261,4051360382,2018-12-21,2019-02-26,67,1
262,4053327042,2018-12-08,2019-02-14,68,1
263,4054917273,2018-12-10,2019-02-26,78,1
264,4056399170,2019-01-25,2019-02-28,34,1
265,4056446641,2019-01-29,2019-02-25,27,1
266,4058026203,2019-01-28,2019-02-28,31,1
267,4058126202,2018-12-29,2019-02-27,60,1
268,4058207015,2018-12-06,2018-12-06,0,0
269,4059242411,2019-01-16,2019-02-11,26,1
270,4059410096,2018-12-07,2018-12-07,0,0
271,4061091797,2018-11-29,2018-11-29,0,0
272,4062226127,2019-01-21,2019-02-27,37,1
273,4062233198,2019-01-29,2019-02-28,30,1
274,4064215181,2019-01-28,2019-02-25,28,1
275,4065602256,2018-12-27,2019-02-13,48,1
276,4065723470,2019-01-05,2019-01-05,0,0
277,4067527610,2019-01-10,2019-01-10,0,0
278,4067614488,2019-01-04,2019-02-23,50,1
279,4067642777,2019-01-02,2019-01-02,0,0
280,4067716513,2019-01-30,2019-02-28,29,1
281,4067758937,2018-12-09,2018-12-09,0,0
282,4068721815,2018-12-02,2019-02-17,77,1
283,4070579220,2019-01-11,2019-02-25,45,1
284,4070741845,2018-12-21,2018-12-21,0,0
285,4070760033,2018-12-11,2019-02-25,76,1
286,4072634103,2018-12-31,2018-12-31,0,0
287,4072787634,2019-01-18,2019-02-28,41,1
288,4074539208,2018-11-10,2018-11-10,0,0
289,4078267981,2018-12-14,2018-12-14,0,0
290,4079925798,2018-12-21,2018-12-21,0,0
291,4081050192,2018-12-29,2019-02-27,60,1
292,4082518820,2019-01-12,2019-02-16,35,1
293,4082529938,2019-01-30,2019-02-28,29,1
294,4083956575,2019-01-27,2019-02-18,22,1
295,4093790002,2019-01-02,2019-02-07,36,1
296,4095856076,2018-11-17,2019-02-15,90,1
297,4099280095,2019-01-29,2019-02-16,18,1
298,4099642710,2019-01-13,2019-02-25,43,1
299,4100932050,2018-12-24,2018-12-24,0,0
300,4101433075,2019-01-19,2019-02-27,39,1
301,4105500979,2018-11-23,2018-11-23,0,0
302,4105933319,2019-01-30,2019-02-28,29,1
303,4107293534,2019-01-29,2019-02-28,30,1
304,4107577384,2019-01-29,2019-02-27,29,1
305,4109119915,2019-01-18,2019-01-18,0,0
306,4117851773,2019-01-11,2019-01-11,0,0
307,4124924284,2019-01-05,2019-02-28,54,1
308,4126488520,2018-12-04,2019-02-25,83,1
309,4127223931,2018-12-18,2019-02-12,56,1
310,4127333045,2019-01-12,2019-02-05,24,1
311,4127792642,2019-01-25,2019-02-25,31,1
312,4129620118,2018-12-28,2019-02-06,40,1
313,4130376611,2019-01-28,2019-02-28,31,1
314,4131458378,2019-01-23,2019-02-22,30,1
315,4131608874,2018-11-24,2018-11-24,0,0
316,4131972513,2019-01-25,2019-02-28,34,1
317,4132583273,2018-12-17,2018-12-17,0,0
318,4134077635,2018-12-12,2018-12-12,0,0
319,4134188742,2018-12-19,2018-12-19,0,0
320,4134328142,2018-12-25,2019-02-24,61,1
321,4135574531,2019-01-30,2019-02-18,19,1
322,4139721229,2018-11-20,2018-11-20,0,0
323,4145794332,2019-01-15,2019-01-15,0,0
324,4146390302,2019-01-10,2019-01-10,0,0
325,4154771465,2019-01-30,2019-02-28,29,1
326,4156627832,2019-01-16,2019-01-16,0,0
327,4157657942,2019-01-08,2019-01-08,0,0
328,4157707445,2019-01-17,2019-01-17,0,0
329,4164986244,2019-01-08,2019-02-26,49,1
330,4167490243,2019-01-19,2019-02-25,37,1
331,4167535690,2019-01-26,2019-02-17,22,1
332,4168366440,2019-01-20,2019-02-07,18,1
333,4168899771,2018-12-25,2018-12-25,0,0
334,4171988301,2019-01-24,2019-02-24,31,1
335,4172703341,2019-01-26,2019-02-01,6,1
336,4182770672,2019-01-23,2019-02-24,32,1
337,4183479776,2019-01-21,2019-01-21,0,0
338,4185785974,2019-01-30,2019-02-28,29,1
339,4188098840,2018-12-16,2019-02-11,57,1
340,4188919053,2019-01-17,2019-01-17,0,0
341,4191348132,2018-12-25,2019-02-17,54,1
342,4192127923,2019-01-30,2019-02-28,29,1
343,4204382810,2019-01-30,2019-02-28,29,1
344,4210683329,2018-12-18,2018-12-18,0,0
345,4212031894,2019-01-24,2019-02-28,35,1
346,4218672051,2019-01-04,2019-02-28,55,1
347,4256514632,2019-01-30,2019-02-28,29,1
348,4258358094,2019-01-27,2019-02-23,27,1
349,4261634750,2019-01-30,2019-02-27,28,1
350,4262837815,2018-12-31,2019-02-26,57,1
351,4266598440,2019-01-07,2019-02-26,50,1
352,4268931331,2018-11-25,2018-11-25,0,0
353,4270246180,2019-01-30,2019-02-24,25,1
354,4287083280,2019-01-30,2019-02-28,29,1
355,4298914797,2019-01-29,2019-02-28,30,1
356,4300659041,2019-01-28,2019-02-14,17,1
357,4300836811,2019-01-17,2019-01-17,0,0
358,4303085319,2019-01-30,2019-02-28,29,1
359,4303451978,2019-01-28,2019-02-27,30,1
360,4307129811,2018-12-22,2018-12-22,0,0
361,4313251706,2019-01-30,2019-02-28,29,1
362,4313433524,2019-01-14,2019-01-14,0,0
363,4314965479,2019-01-08,2019-01-08,0,0
364,4315033155,2019-01-30,2019-02-28,29,1
365,4316422116,2019-01-25,2019-02-28,34,1
366,4316603922,2019-01-30,2019-02-28,29,1
367,4317659999,2018-11-18,2018-11-18,0,0
368,4320358090,2019-01-30,2019-02-28,29,1
369,4320360112,2019-01-08,2019-01-08,0,0
370,4328144743,2019-01-04,2019-02-20,47,1
371,4329785477,2019-01-30,2019-02-28,29,1
372,4339381014,2019-01-30,2019-02-27,28,1
373,4345794259,2019-01-15,2019-02-19,35,1
374,4348410222,2019-01-19,2019-02-25,37,1
375,4350026860,2019-01-26,2019-01-26,0,0
376,4351272402,2019-01-30,2019-02-28,29,1
377,4352985071,2019-01-30,2019-02-28,29,1
378,4353113356,2019-01-30,2019-02-24,25,1
379,4354781011,2019-01-04,2019-01-04,0,0
380,4357874565,2019-01-30,2019-02-28,29,1
381,4361023175,2019-01-30,2019-02-26,27,1
382,4369370202,2019-01-30,2019-02-03,4,1
383,4376685942,2019-01-27,2019-02-18,22,1
384,4379763355,2019-01-21,2019-01-21,0,0
385,4381214980,2018-12-26,2018-12-26,0,0
386,4384232802,2019-01-26,2019-02-28,33,1
387,4389461591,2019-01-27,2019-02-19,23,1
388,4390936033,2019-01-30,2019-02-28,29,1
389,4395674420,2019-01-30,2019-02-11,12,1
390,4396965761,2019-01-20,2019-02-23,34,1
391,4397159701,2019-01-09,2019-02-06,28,1
392,4399977369,2019-01-25,2019-02-21,27,1
393,4400266257,2019-01-21,2019-02-27,37,1
394,4403426920,2019-01-30,2019-02-28,29,1
395,4408403481,2018-12-25,2018-12-25,0,0
396,4410244166,2019-01-29,2019-02-28,30,1
397,4410278501,2019-01-21,2019-02-25,35,1
398,4410280524,2019-01-19,2019-02-25,37,1
399,4428036692,2018-12-03,2018-12-03,0,0
400,4431719665,2018-12-25,2019-02-25,62,1
401,4436276510,2018-12-29,2018-12-29,0,0
402,4437959911,2019-01-29,2019-02-18,20,1
403,4438399318,2019-01-29,2019-02-26,28,1
404,4438990229,2019-01-30,2019-02-28,29,1
405,4440194433,2019-01-30,2019-02-27,28,1
406,4441535026,2019-01-13,2019-02-03,21,1
407,4443067051,2018-12-18,2019-02-23,67,1
408,4446417839,2019-01-28,2019-02-15,18,1
409,4446858371,2019-01-30,2019-02-15,16,1
410,4450849662,2019-01-23,2019-02-21,29,1
411,4455722849,2019-01-28,2019-02-23,26,1
412,4455845405,2019-01-30,2019-02-27,28,1
413,4456548435,2019-01-29,2019-02-28,30,1
414,4461358980,2019-01-24,2019-02-24,31,1
415,4476343502,2019-01-28,2019-01-28,0,0
416,4479375465,2018-12-30,2018-12-30,0,0
417,4481196294,2019-01-30,2019-02-25,26,1
418,4487460742,2019-01-23,2019-02-27,35,1
419,4488894061,2018-11-21,2019-02-25,96,1
420,4493371982,2019-01-30,2019-02-27,28,1
421,4494604841,2019-01-19,2019-02-28,40,1
422,4495059604,2019-01-30,2019-02-27,28,1
423,4496539398,2019-01-26,2019-01-26,0,0
424,4496838385,2019-01-30,2019-02-28,29,1
425,4498756283,2019-01-13,2019-01-13,0,0
426,4499556691,2018-12-21,2018-12-21,0,0
427,4500181946,2019-01-23,2019-02-28,36,1
428,4501170994,2018-12-28,2019-02-15,49,1
429,4507084787,2019-01-26,2019-02-16,21,1
430,4512436964,2018-12-27,2019-02-15,50,1
431,4523796712,2019-01-29,2019-02-10,12,1
432,4527239538,2019-01-12,2019-02-28,47,1
433,4527281951,2019-01-29,2019-02-28,30,1
434,4530366074,2018-12-21,2019-02-18,59,1
435,4532340630,2019-01-30,2019-02-28,29,1
436,4534001674,2018-12-15,2018-12-15,0,0
437,4540724633,2019-01-02,2019-01-02,0,0
438,4541467683,2019-01-16,2019-02-14,29,1
439,4543122599,2019-01-17,2019-02-13,27,1
440,4543371706,2019-01-30,2019-02-27,28,1
441,4545954497,2019-01-30,2019-02-25,26,1
442,4548749360,2019-01-30,2019-02-28,29,1
443,4549318466,2019-01-21,2019-02-28,38,1
444,4551908431,2018-12-23,2018-12-23,0,0
445,4552089243,2019-01-30,2019-02-28,29,1
446,4555189726,2019-01-27,2019-02-25,29,1
447,4555416990,2019-01-16,2019-02-25,40,1
448,4560783524,2019-01-23,2019-02-25,33,1
449,4561932763,2019-01-07,2019-02-16,40,1
450,4562204483,2019-01-30,2019-02-28,29,1
451,4564891852,2019-01-28,2019-02-15,18,1
452,4565610205,2019-01-11,2019-01-11,0,0
453,4572150945,2019-01-30,2019-02-28,29,1
454,4574158240,2019-01-29,2019-02-28,30,1
455,4576677860,2019-01-01,2019-02-28,58,1
456,4578755579,2019-01-25,2019-02-02,8,1
457,4580908875,2019-01-30,2019-02-28,29,1
458,4581190693,2019-01-30,2019-02-27,28,1
459,4581464431,2019-01-30,2019-02-28,29,1
460,4584604102,2019-01-30,2019-02-25,26,1
461,4585260138,2019-01-30,2019-02-28,29,1
462,4587913094,2019-01-26,2019-02-25,30,1
463,4592375845,2018-11-16,2019-02-28,104,1
464,4605699892,2019-01-23,2019-02-28,36,1
465,4608343060,2019-01-19,2019-01-19,0,0
466,4608442055,2019-01-26,2019-02-25,30,1
467,4609585346,2019-01-18,2019-02-16,29,1
468,4612140804,2019-01-28,2019-02-28,31,1
469,4612268087,2019-01-03,2019-02-26,54,1
470,4614064184,2019-01-09,2019-02-27,49,1
471,4614705117,2019-01-23,2019-02-10,18,1
472,4620006884,2019-01-13,2019-02-05,23,1
473,4620579009,2018-12-23,2018-12-23,0,0
474,4626516833,2018-12-21,2019-02-03,44,1
475,4631769695,2019-01-30,2019-02-28,29,1
476,4631841410,2018-11-20,2018-11-20,0,0
477,4636705205,2019-01-30,2019-02-28,29,1
478,4636784994,2019-01-10,2019-02-22,43,1
479,4636851669,2018-12-20,2019-02-02,44,1
480,4637824000,2019-01-05,2019-02-28,54,1
481,4640012043,2019-01-14,2019-02-16,33,1
482,4643202340,2019-01-28,2019-02-26,29,1
483,4644868996,2019-01-30,2019-02-28,29,1
484,4645099302,2018-12-04,2018-12-04,0,0
485,4646269681,2019-01-26,2019-02-20,25,1
486,4647468229,2018-12-20,2018-12-20,0,0
487,4647584381,2019-01-30,2019-02-06,7,1
488,4648137911,2019-01-28,2019-02-28,31,1
489,4649368671,2018-12-20,2018-12-20,0,0
490,4655645315,2019-01-25,2019-02-28,34,1
491,4657974723,2019-01-30,2019-02-28,29,1
492,4659970651,2019-01-26,2019-02-06,11,1
493,4663508190,2019-01-29,2019-02-23,25,1
494,4667927805,2019-01-17,2019-02-28,42,1
495,4677012636,2019-01-30,2019-02-10,11,1
496,4678327876,2019-01-05,2019-02-22,48,1
497,4683548288,2019-01-30,2019-02-28,29,1
498,4683604845,2019-01-28,2019-02-26,29,1
499,4700357671,2019-01-01,2019-02-28,58,1
500,4701460046,2019-01-30,2019-02-28,29,1
501,4701671154,2019-01-06,2019-01-06,0,0
502,4704602771,2019-01-05,2019-02-22,48,1
503,4705200754,2019-01-30,2019-02-16,17,1
504,4707005636,2019-01-26,2019-02-24,29,1
505,4707595539,2019-01-30,2019-02-22,23,1
506,4709820057,2019-01-27,2019-02-16,20,1
507,4710431161,2019-01-28,2019-02-27,30,1
508,4711697704,2019-01-25,2019-02-06,12,1
509,4714834319,2019-01-30,2019-02-28,29,1
510,4715469086,2019-01-30,2019-02-17,18,1
511,4718684800,2019-01-28,2019-02-28,31,1
512,4718841371,2019-01-18,2019-02-07,20,1
513,4718907035,2019-01-22,2019-02-27,36,1
514,4721380623,2019-01-10,2019-01-10,0,0
515,4723159490,2019-01-16,2019-02-25,40,1
516,4727154657,2019-01-19,2019-02-26,38,1
517,4727678993,2019-01-24,2019-01-24,0,0
518,4730050513,2019-01-30,2019-02-28,29,1
519,4731729014,2019-01-25,2019-02-18,24,1
520,4736690441,2018-11-11,2018-11-11,0,0
521,4738073235,2019-01-01,2019-01-01,0,0
522,4739378878,2019-01-26,2019-02-26,31,1
523,4740322314,2019-01-14,2019-02-28,45,1
524,4741689223,2019-01-27,2019-02-18,22,1
525,4742337853,2019-01-21,2019-01-21,0,0
526,4743067403,2019-01-30,2019-02-28,29,1
527,4744462953,2018-12-17,2018-12-17,0,0
528,4748138722,2019-01-30,2019-02-25,26,1
529,4748339730,2019-01-10,2019-01-10,0,0
530,4750749123,2018-12-14,2018-12-14,0,0
531,4753062553,2019-01-30,2019-02-28,29,1
532,4756779155,2019-01-21,2019-02-06,16,1
533,4757272860,2018-12-21,2019-02-20,61,1
534,4759277593,2019-01-20,2019-01-20,0,0
535,4759550322,2019-01-07,2019-01-07,0,0
536,4761584115,2019-01-11,2019-01-11,0,0
537,4762015427,2019-01-30,2019-02-27,28,1
538,4766822393,2018-12-23,2019-02-05,44,1
539,4769508012,2019-01-08,2019-02-21,44,1
540,4769704973,2019-01-27,2019-02-24,28,1
541,4773767443,2018-12-12,2018-12-12,0,0
542,4773885624,2019-01-02,2019-01-02,0,0
543,4775153444,2019-01-28,2019-02-28,31,1
544,4775669602,2019-01-25,2019-02-28,34,1
545,4776115935,2018-12-12,2019-02-18,68,1
546,4778408046,2019-01-13,2019-02-28,46,1
547,4778821173,2019-01-21,2019-02-28,38,1
548,4781067513,2019-01-16,2019-01-16,0,0
549,4783485704,2019-01-30,2019-02-28,29,1
550,4785682451,2019-01-05,2019-01-05,0,0
551,4788325924,2019-01-26,2019-01-31,5,1
552,4789309440,2019-01-26,2019-02-16,21,1
553,4792334510,2019-01-23,2019-02-28,36,1
554,4792988056,2019-01-27,2019-02-28,32,1
555,4794347815,2019-01-16,2019-01-16,0,0
556,4795711695,2018-12-22,2018-12-22,0,0
557,4797768798,2019-01-28,2019-02-26,29,1
558,4805423358,2019-01-25,2019-02-25,31,1
559,4806039020,2019-01-29,2019-02-25,27,1
560,4806120830,2019-01-29,2019-02-23,25,1
561,4807027914,2019-01-30,2019-02-27,28,1
562,4807869105,2019-01-10,2019-02-21,42,1
563,4808092333,2019-01-30,2019-02-28,29,1
564,4811228611,2019-01-30,2019-02-10,11,1
565,4811247807,2018-12-31,2018-12-31,0,0
566,4811531641,2019-01-23,2019-02-18,26,1
567,4812556713,2019-01-26,2019-02-25,30,1
568,4814776113,2019-01-30,2019-02-28,29,1
569,4814831661,2019-01-30,2019-02-28,29,1
570,4818981263,2019-01-30,2019-02-26,27,1
571,4821488623,2018-12-17,2019-02-28,73,1
572,4825488430,2019-01-26,2019-02-25,30,1
573,4827724231,2018-12-18,2018-12-18,0,0
574,4830232303,2018-12-14,2019-02-06,54,1
575,4830397642,2019-01-29,2019-02-25,27,1
576,4831345123,2019-01-14,2019-02-27,44,1
577,4832795730,2019-01-30,2019-02-28,29,1
578,4833603173,2019-01-28,2019-02-25,28,1
579,4833927460,2019-01-30,2019-02-25,26,1
580,4837180452,2018-12-22,2019-02-07,47,1
581,4838486791,2019-01-30,2019-02-07,8,1
582,4839381743,2019-01-22,2019-02-25,34,1
583,4842254063,2019-01-04,2019-02-27,54,1
584,4843143775,2019-01-30,2019-02-15,16,1
585,4843476103,2018-12-21,2019-02-18,59,1
586,4843753877,2018-12-13,2018-12-13,0,0
587,4844246248,2018-12-15,2019-02-09,56,1
588,4844660806,2019-01-30,2019-02-28,29,1
589,4845410309,2019-01-23,2019-01-23,0,0
590,4849781474,2019-01-27,2019-02-27,31,1
591,4850475937,2019-01-05,2019-01-05,0,0
592,4850969872,2018-12-28,2019-02-03,37,1
593,4851304638,2019-01-19,2019-02-27,39,1
594,4854326741,2019-01-30,2019-02-28,29,1
595,4857304281,2019-01-23,2019-02-20,28,1
596,4859138811,2019-01-26,2019-02-26,31,1
597,4860715702,2019-01-20,2019-02-27,38,1
598,4863806825,2019-01-30,2019-02-28,29,1
599,4865610596,2018-12-05,2018-12-05,0,0
600,4867010493,2019-01-22,2019-02-28,37,1
601,4869617771,2019-01-30,2019-02-28,29,1
602,4870632691,2018-12-12,2019-02-21,71,1
603,4871074111,2019-01-28,2019-01-28,0,0
604,4872334258,2018-11-12,2018-11-12,0,0
605,4875123369,2019-01-26,2019-02-28,33,1
606,4876904693,2019-01-05,2019-01-05,0,0
607,4878214512,2019-01-06,2019-01-06,0,0
608,4882321352,2018-12-26,2019-02-25,61,1
609,4883419119,2019-01-25,2019-02-22,28,1
610,4883714142,2018-12-14,2019-02-21,69,1
611,4883794609,2019-01-25,2019-02-24,30,1
612,4884004701,2019-01-27,2019-01-27,0,0
613,4884801670,2019-01-30,2019-02-28,29,1
614,4885727784,2019-01-04,2019-01-04,0,0
615,4885736874,2019-01-30,2019-02-26,27,1
616,4886458263,2019-01-15,2019-02-27,43,1
617,4890827000,2019-01-28,2019-02-28,31,1
618,4891491044,2019-01-15,2019-02-28,44,1
619,4905308133,2018-11-01,2018-11-01,0,0
620,4908945438,2019-01-19,2019-02-23,35,1
621,4910266215,2019-01-13,2019-01-13,0,0
622,4911012350,2019-01-30,2019-02-28,29,1
623,4914050562,2019-01-24,2019-02-28,35,1
624,4915684784,2018-12-15,2019-02-28,75,1
625,4917821406,2019-01-27,2019-02-27,31,1
626,4918652171,2019-01-30,2019-02-28,29,1
627,4920833083,2018-12-23,2018-12-23,0,0
628,4920893681,2019-01-29,2019-02-28,30,1
629,4922273263,2019-01-20,2019-01-20,0,0
630,4923845403,2019-01-30,2019-02-28,29,1
631,4925081843,2019-01-30,2019-02-28,29,1
632,4925626253,2018-12-05,2018-12-05,0,0
633,4925891901,2019-01-24,2019-02-25,32,1
634,4926842027,2019-01-12,2019-02-17,36,1
635,4927600215,2018-12-20,2018-12-20,0,0
636,4927813820,2019-01-24,2019-02-27,34,1
637,4927871400,2019-01-09,2019-02-28,50,1
638,4928283521,2019-01-30,2019-02-28,29,1
639,4928930186,2019-01-04,2019-01-04,0,0
640,4932113814,2018-12-30,2018-12-30,0,0
641,4937266254,2019-01-23,2019-02-28,36,1
642,4937536957,2019-01-30,2019-02-28,29,1
643,4941067612,2019-01-11,2019-01-11,0,0
644,4942257988,2019-01-04,2019-02-17,44,1
645,4945136422,2019-01-05,2019-02-28,54,1
646,4947991553,2019-01-30,2019-02-28,29,1
647,4949216502,2019-01-29,2019-02-24,26,1
648,4961169071,2019-01-07,2019-02-01,25,1
649,4961194325,2018-11-19,2018-11-19,0,0
650,4965630751,2018-11-09,2018-11-09,0,0
651,4968233355,2019-01-30,2019-02-28,29,1
652,4968501063,2019-01-15,2019-02-28,44,1
653,4968579846,2019-01-30,2019-02-28,29,1
654,4973105041,2019-01-23,2019-02-28,36,1
655,4976826130,2019-01-28,2019-02-28,31,1
656,4978585402,2018-12-20,2019-02-24,66,1
657,4982771835,2019-01-30,2019-02-28,29,1
658,4983613257,2019-01-28,2019-02-25,28,1
659,4988117121,2019-01-02,2019-02-20,49,1
660,4991057720,2018-12-18,2019-02-28,72,1
661,4993998773,2018-11-02,2018-11-02,0,0
662,4994306195,2019-01-16,2019-02-28,43,1
663,4999945814,2019-01-10,2019-01-10,0,0
664,5000436251,2018-12-17,2019-02-26,71,1
665,5001057466,2019-01-27,2019-01-27,0,0
666,5001742315,2019-01-17,2019-02-06,20,1
667,5002729867,2019-01-02,2019-02-05,34,1
668,5005124803,2019-01-29,2019-02-28,30,1
669,5005820714,2019-01-23,2019-02-25,33,1
670,5006732887,2019-01-29,2019-01-29,0,0
671,5011438255,2018-12-13,2019-02-28,77,1
672,5014283812,2019-01-25,2019-02-18,24,1
673,5015470390,2019-01-30,2019-02-28,29,1
674,5016427010,2018-12-11,2019-02-28,79,1
675,5016819930,2019-01-15,2019-01-15,0,0
676,5016863379,2019-01-29,2019-02-25,27,1
677,5018840075,2019-01-30,2019-02-28,29,1
678,5019893601,2019-01-16,2019-01-16,0,0
679,5023715913,2019-01-02,2019-02-23,52,1
680,5025756141,2019-01-01,2019-02-24,54,1
681,5027040161,2019-01-26,2019-01-26,0,0
682,5032227964,2019-01-30,2019-02-28,29,1
683,5034038281,2019-01-04,2019-02-28,55,1
684,5035917871,2019-01-11,2019-02-21,41,1
685,5036401887,2019-01-27,2019-02-27,31,1
686,5037790841,2019-01-16,2019-02-18,33,1
687,5038064213,2018-12-18,2018-12-18,0,0
688,5039110049,2019-01-29,2019-02-28,30,1
689,5039832703,2018-12-26,2019-02-07,43,1
690,5042026092,2019-01-26,2019-02-21,26,1
691,5049113164,2019-01-17,2019-02-20,34,1
692,5053250262,2019-01-26,2019-01-26,0,0
693,5055828115,2019-01-12,2019-02-28,47,1
694,5063015833,2018-11-25,2018-11-25,0,0
695,5064400067,2018-12-20,2018-12-20,0,0
696,5067392510,2019-01-30,2019-02-24,25,1
697,5067696492,2019-01-29,2019-02-28,30,1
698,5067791449,2019-01-30,2019-02-25,26,1
699,5067883360,2019-01-30,2019-02-28,29,1
700,5069090436,2018-12-24,2018-12-24,0,0
701,5070805892,2019-01-28,2019-02-28,31,1
702,5073935745,2019-01-28,2019-02-26,29,1
703,5074624631,2019-01-23,2019-02-17,25,1
704,5075494453,2019-01-11,2019-02-26,46,1
705,5076836551,2018-12-24,2019-02-28,66,1
706,5077207714,2018-11-21,2018-11-21,0,0
707,5077534984,2019-01-17,2019-01-17,0,0
708,5077683479,2019-01-12,2019-02-22,41,1
709,5077726903,2018-12-25,2019-02-24,61,1
710,5077793578,2019-01-09,2019-02-23,45,1
711,5079524725,2018-12-22,2019-02-09,49,1
712,5082463518,2019-01-30,2019-02-27,28,1
713,5083729440,2019-01-24,2019-01-24,0,0
714,5087079723,2019-01-30,2019-02-28,29,1
715,5091895469,2018-12-13,2019-02-21,70,1
716,5092282903,2018-11-28,2018-11-28,0,0
717,5096643485,2019-01-30,2019-02-28,29,1
718,5096741468,2018-12-17,2019-02-05,50,1
719,5101722291,2019-01-24,2019-02-06,13,1
720,5102206000,2019-01-19,2019-02-24,36,1
721,5103620980,2018-12-16,2018-12-16,0,0
722,5104750527,2019-01-27,2019-02-28,32,1
723,5109209774,2018-12-19,2018-12-19,0,0
724,5111577801,2019-01-30,2019-02-28,29,1
725,5115059806,2019-01-19,2019-02-23,35,1
726,5120192709,2018-12-12,2019-02-28,78,1
727,5122703075,2018-12-21,2019-02-08,49,1
728,5126158721,2019-01-16,2019-01-16,0,0
729,5129533910,2019-01-07,2019-01-07,0,0
730,5132174885,2019-01-30,2019-02-27,28,1
731,5132559730,2019-01-27,2019-02-22,26,1
732,5133210092,2018-12-26,2018-12-26,0,0
733,5133265645,2019-01-29,2019-02-18,20,1
734,5133868671,2019-01-15,2019-02-01,17,1
735,5134164693,2018-11-14,2018-11-14,0,0
736,5135412142,2019-01-12,2019-02-06,25,1
737,5137615743,2019-01-15,2019-01-15,0,0
738,5137711702,2019-01-21,2019-02-09,19,1
739,5141005556,2019-01-30,2019-02-26,27,1
740,5143092039,2018-12-14,2018-12-14,0,0
741,5143168790,2019-01-30,2019-02-17,18,1
742,5144724326,2019-01-30,2019-02-28,29,1
743,5146700838,2018-11-18,2018-11-18,0,0
744,5148085272,2018-11-28,2018-11-28,0,0
745,5149161836,2018-12-24,2018-12-24,0,0
746,5151404640,2019-01-08,2019-02-28,51,1
747,5154537446,2019-01-25,2019-02-23,29,1
748,5161237430,2019-01-15,2019-02-25,41,1
749,5161744978,2019-01-30,2019-02-24,25,1
750,5162366661,2019-01-30,2019-02-27,28,1
751,5162417176,2019-01-30,2019-01-31,1,1
752,5163128778,2019-01-22,2019-02-18,27,1
753,5163291403,2019-01-26,2019-01-26,0,0
754,5165705283,2019-01-03,2019-02-28,56,1
755,5165837605,2018-12-21,2018-12-21,0,0
756,5165941641,2019-01-12,2019-02-24,43,1
757,5166019428,2019-01-24,2019-01-24,0,0
758,5169777259,2018-12-24,2019-02-02,40,1
759,5173283128,2019-01-19,2019-02-23,35,1
760,5175196000,2019-01-02,2019-02-21,50,1
761,5175664684,2019-01-26,2019-01-26,0,0
762,5177344924,2019-01-17,2019-01-17,0,0
763,5177375236,2019-01-26,2019-02-05,10,1
764,5177904063,2019-01-22,2019-02-28,37,1
765,5178155570,2019-01-27,2019-01-27,0,0
766,5179092944,2019-01-19,2019-02-26,38,1
767,5179113155,2018-12-29,2019-02-22,55,1
768,5179144461,2019-01-05,2019-02-19,45,1
769,5180196312,2018-11-20,2018-11-20,0,0
770,5180855905,2019-01-13,2019-02-28,46,1
771,5181544330,2019-01-25,2019-02-24,30,1
772,5183908873,2019-01-30,2019-02-26,27,1
773,5184451172,2019-01-25,2019-02-05,11,1
774,5185623060,2019-01-19,2019-02-16,28,1
775,5186451273,2018-12-13,2019-02-09,58,1
776,5186778541,2019-01-24,2019-02-26,33,1
777,5188997331,2019-01-30,2019-02-28,29,1
778,5190885921,2019-01-29,2019-02-28,30,1
779,5191969448,2018-12-18,2019-02-27,71,1
780,5192027020,2019-01-02,2019-02-28,57,1
781,5192430055,2019-01-12,2019-01-12,0,0
782,5194029743,2019-01-24,2019-02-28,35,1
783,5194969205,2019-01-29,2019-02-27,29,1
784,5197320355,2019-01-10,2019-02-21,42,1
785,5198407422,2019-01-17,2019-02-28,42,1
786,5198542774,2019-01-29,2019-02-26,28,1
787,5200965852,2019-01-16,2019-02-23,38,1
788,5210222699,2019-01-28,2019-02-28,31,1
789,5210480273,2019-01-28,2019-02-28,31,1
790,5214414274,2019-01-25,2019-02-28,34,1
791,5216259792,2019-01-30,2019-02-24,25,1
792,5218988757,2019-01-30,2019-02-24,25,1
793,5219456433,2019-01-13,2019-02-22,40,1
794,5224671452,2018-12-31,2018-12-31,0,0
795,5225291413,2019-01-30,2019-02-28,29,1
796,5226709197,2018-12-29,2018-12-29,0,0
797,5229782377,2019-01-03,2019-02-28,56,1
798,5229991463,2019-01-29,2019-02-25,27,1
799,5231408946,2019-01-12,2019-01-12,0,0
800,5232197830,2019-01-25,2019-02-27,33,1
801,5234245991,2019-01-16,2019-02-21,36,1
802,5235492103,2019-01-30,2019-02-12,13,1
803,5236205777,2019-01-23,2019-02-26,34,1
804,5237281000,2019-01-23,2019-02-20,28,1
805,5238945666,2019-01-04,2019-01-04,0,0
806,5239540925,2019-01-30,2019-02-27,28,1
807,5239912647,2019-01-30,2019-02-28,29,1
808,5241167606,2019-01-28,2019-02-19,22,1
809,5241890346,2018-12-11,2019-02-28,79,1
810,5243090661,2018-12-27,2018-12-27,0,0
811,5243336127,2019-01-26,2019-02-09,14,1
812,5243611466,2019-01-28,2019-02-04,7,1
813,5243988230,2018-12-20,2019-02-07,49,1
814,5247950138,2019-01-02,2019-02-27,56,1
815,5250198033,2019-01-30,2019-02-28,29,1
816,5251159950,2018-12-19,2018-12-19,0,0
817,5251281172,2019-01-26,2019-02-05,10,1
818,5251341777,2019-01-26,2019-01-26,0,0
819,5251411476,2019-01-18,2019-02-17,30,1
820,5251580837,2019-01-26,2019-02-28,33,1
821,5251836396,2019-01-29,2019-02-25,27,1
822,5252017664,2019-01-18,2019-02-28,41,1
823,5252480295,2019-01-28,2019-02-04,7,1
824,5253950438,2018-12-22,2018-12-22,0,0
825,5254478360,2019-01-29,2019-02-26,28,1
826,5254676470,2019-01-21,2019-01-21,0,0
827,5255578115,2018-12-13,2019-02-26,75,1
828,5257178876,2019-01-10,2019-01-10,0,0
829,5257305144,2018-12-20,2019-02-27,69,1
830,5257370793,2019-01-30,2019-02-13,14,1
831,5259305843,2019-01-26,2019-02-09,14,1
832,5260492112,2018-12-12,2018-12-12,0,0
833,5262628575,2019-01-14,2019-01-14,0,0
834,5262999282,2019-01-27,2019-02-16,20,1
835,5263892973,2018-12-24,2019-02-28,66,1
836,5264822270,2018-12-24,2019-02-20,58,1
837,5264862670,2018-12-17,2018-12-17,0,0
838,5265855790,2018-12-15,2018-12-15,0,0
839,5265993173,2019-01-12,2019-02-25,44,1
840,5269347451,2019-01-16,2019-02-25,40,1
841,5271743210,2019-01-24,2019-02-27,34,1
842,5274001601,2019-01-30,2019-02-28,29,1
843,5280254925,2019-01-30,2019-02-28,29,1
844,5281309622,2019-01-26,2019-02-16,21,1
845,5282339251,2019-01-15,2019-02-09,25,1
846,5284440779,2019-01-01,2019-02-28,58,1
847,5285708850,2019-01-30,2019-02-24,25,1
848,5286894178,2019-01-30,2019-02-26,27,1
849,5288471315,2019-01-29,2019-02-28,30,1
850,5289094898,2019-01-20,2019-02-20,31,1
851,5295688186,2019-01-29,2019-01-29,0,0
852,5296581798,2019-01-15,2019-02-28,44,1
853,5299409091,2019-01-23,2019-02-28,36,1
854,5299813005,2019-01-30,2019-02-28,29,1
855,5300447344,2019-01-30,2019-02-28,29,1
856,5306433789,2019-01-18,2019-01-18,0,0
857,5312329371,2019-01-30,2019-02-28,29,1
858,5312844528,2019-01-30,2019-02-28,29,1
859,5313030948,2019-01-22,2019-02-19,28,1
860,5314976779,2019-01-30,2019-02-28,29,1
861,5317082152,2019-01-29,2019-02-28,30,1
862,5318252910,2019-01-09,2019-02-17,39,1
863,5318512380,2019-01-15,2019-02-20,36,1
864,5330331655,2019-01-19,2019-01-19,0,0
865,5334292550,2019-01-29,2019-02-28,30,1
866,5334899209,2019-01-13,2019-02-10,28,1
867,5336700161,2019-01-29,2019-02-27,29,1
868,5337792772,2019-01-06,2019-01-06,0,0
869,5337920054,2019-01-30,2019-02-15,16,1
870,5339004381,2019-01-30,2019-02-27,28,1
871,5342865911,2019-01-29,2019-02-28,30,1
872,5348258564,2019-01-11,2019-02-24,44,1
873,5348850489,2019-01-30,2019-02-28,29,1
874,5350108152,2019-01-29,2019-02-28,30,1
875,5355733939,2019-01-30,2019-02-28,29,1
876,5356946297,2019-01-18,2019-02-28,41,1
877,5357168513,2019-01-14,2019-02-28,45,1
878,5357192754,2019-01-25,2019-02-02,8,1
879,5358179363,2018-12-21,2018-12-21,0,0
880,5361830594,2019-01-29,2019-02-22,24,1
881,5367924242,2019-01-30,2019-02-27,28,1
882,5374113747,2019-01-21,2019-02-25,35,1
883,5378072493,2019-01-08,2019-02-28,51,1
884,5384881535,2018-12-21,2019-02-22,63,1
885,5390904541,2019-01-27,2019-02-25,29,1
886,5402906114,2019-01-28,2019-02-28,31,1
887,5403429348,2019-01-28,2019-02-28,31,1
888,5405127525,2019-01-30,2019-02-28,29,1
889,5408257533,2019-01-15,2019-02-27,43,1
890,5409620871,2019-01-30,2019-02-22,23,1
891,5411767500,2019-01-24,2019-02-19,26,1
892,5413374908,2019-01-25,2019-02-27,33,1
893,5417369393,2019-01-02,2019-02-25,54,1
894,5417727979,2019-01-29,2019-02-15,17,1
895,5423630412,2019-01-26,2019-02-20,25,1
896,5424356577,2019-01-29,2019-02-20,22,1
897,5427550006,2019-01-21,2019-02-24,34,1
898,5429017790,2019-01-30,2019-02-28,29,1
899,5429374363,2019-01-29,2019-02-14,16,1
900,5437639193,2019-01-30,2019-02-28,29,1
901,5438440190,2019-01-28,2019-02-27,30,1
902,5442628786,2019-01-20,2019-02-25,36,1
903,5444572793,2019-01-02,2019-02-11,40,1
904,5446571453,2019-01-30,2019-02-28,29,1
905,5448528808,2019-01-27,2019-02-24,28,1
906,5449010674,2019-01-22,2019-02-18,27,1
907,5454694403,2019-01-23,2019-02-27,35,1
908,5456103893,2019-01-30,2019-02-28,29,1
909,5458258753,2018-12-30,2019-02-10,42,1
910,5458988263,2019-01-25,2019-02-11,17,1
911,5459654923,2019-01-28,2019-01-28,0,0
912,5460164431,2019-01-30,2019-02-28,29,1
913,5460368471,2018-12-19,2019-02-28,71,1
914,5463207641,2019-01-30,2019-02-28,29,1
915,5469365480,2019-01-24,2019-02-28,35,1
916,5476815079,2019-01-30,2019-02-28,29,1
917,5476913560,2019-01-30,2019-02-22,23,1
918,5477014574,2019-01-30,2019-02-28,29,1
919,5478470041,2019-01-30,2019-02-28,29,1
920,5478636708,2019-01-23,2019-02-06,14,1
921,5483197689,2019-01-26,2019-02-26,31,1
922,5494281858,2019-01-22,2019-02-13,22,1
923,5498724416,2019-01-30,2019-02-04,5,1
924,5501228830,2019-01-30,2019-02-28,29,1
925,5501747490,2019-01-30,2019-02-28,29,1
926,5508491341,2019-01-30,2019-02-28,29,1
927,5511235996,2018-12-19,2018-12-19,0,0
928,5512495164,2019-01-30,2019-02-28,29,1
929,5516441813,2018-12-07,2018-12-07,0,0
930,5520152767,2019-01-10,2019-02-26,47,1
931,5525730991,2019-01-30,2019-02-28,29,1
932,5526071404,2019-01-30,2019-02-28,29,1
933,5526247070,2019-01-30,2019-02-27,28,1
934,5529699708,2019-01-25,2019-02-28,34,1
935,5530724981,2019-01-28,2019-02-28,31,1
936,5533330873,2019-01-30,2019-02-28,29,1
937,5537277037,2019-01-29,2019-02-26,28,1
938,5541442410,2019-01-30,2019-02-28,29,1
939,5550064935,2019-01-30,2019-02-12,13,1
940,5556624975,2019-01-29,2019-02-06,8,1
941,5561454202,2018-12-27,2018-12-27,0,0
942,5564846505,2019-01-30,2019-02-28,29,1
943,5567355330,2019-01-23,2019-02-27,35,1
944,5567514928,2019-01-12,2019-02-12,31,1
945,5582881605,2019-01-09,2019-02-23,45,1
946,5583591105,2019-01-29,2019-02-26,28,1
947,5586817121,2019-01-30,2019-02-27,28,1
948,5592314203,2019-01-30,2019-02-28,29,1
949,5592814206,2019-01-27,2019-02-25,29,1
950,5595782164,2019-01-24,2019-02-28,35,1
951,5605303994,2019-01-27,2019-02-15,19,1
952,5609980696,2019-01-10,2019-02-08,29,1
953,5614129150,2019-01-30,2019-02-28,29,1
954,5618441696,2019-01-16,2019-02-23,38,1
955,5623538178,2019-01-01,2019-01-01,0,0
956,5634543949,2019-01-25,2019-01-25,0,0
957,5650767354,2019-01-29,2019-02-28,30,1
958,5650791597,2019-01-03,2019-02-27,55,1
959,5654608790,2019-01-30,2019-02-28,29,1
960,5656570055,2019-01-22,2019-01-22,0,0
961,5657245808,2019-01-26,2019-02-20,25,1
962,5672681072,2019-01-23,2019-02-27,35,1
963,5690947893,2019-01-30,2019-02-28,29,1
964,5694155711,2019-01-30,2019-02-28,29,1
965,5696424215,2019-01-28,2019-02-28,31,1
966,5696600976,2019-01-24,2019-02-28,35,1
967,5697670114,2019-01-16,2019-02-22,37,1
968,5697888292,2019-01-30,2019-02-28,29,1
969,5701142767,2019-01-20,2019-02-26,37,1
970,5715627557,2019-01-30,2019-02-24,25,1
971,5725975314,2018-11-30,2019-02-28,90,1
972,5734611472,2019-01-30,2019-02-28,29,1
973,5735406646,2019-01-30,2019-02-28,29,1
974,5747267695,2019-01-07,2019-02-03,27,1
975,5752388127,2018-12-24,2019-02-13,51,1
976,5760575634,2019-01-22,2019-02-08,17,1
977,5763892745,2019-01-10,2019-01-10,0,0
978,5771584023,2019-01-30,2019-02-28,29,1
979,5777987095,2019-01-24,2019-02-27,34,1
980,5785091612,2019-01-30,2019-02-27,28,1
981,5785322925,2019-01-27,2019-02-28,32,1
982,5785959053,2019-01-17,2019-02-28,42,1
983,5786260062,2019-01-21,2019-02-28,38,1
984,5786614601,2019-01-29,2019-02-28,30,1
985,5788484152,2019-01-30,2019-02-21,22,1
986,5790989753,2019-01-30,2019-02-28,29,1
987,5791928496,2019-01-16,2019-02-14,29,1
988,5793565420,2019-01-30,2019-02-28,29,1
989,5793877543,2019-01-28,2019-02-18,21,1
990,5793967442,2019-01-30,2019-02-28,29,1
991,5794924637,2019-01-30,2019-02-28,29,1
992,5795206459,2019-01-30,2019-02-28,29,1
993,5795430625,2019-01-30,2019-02-26,27,1
994,5796147531,2019-01-24,2019-02-27,34,1
995,5797515593,2019-01-30,2019-02-28,29,1
996,5799243324,2018-12-30,2018-12-30,0,0
997,5800992580,2019-01-18,2019-02-28,41,1
998,5801986043,2019-01-12,2019-01-12,0,0
999,5803816911,2019-01-16,2019-01-16,0,0
1000,5804659670,2019-01-29,2019-02-28,30,1
1001,5809340256,2019-01-28,2019-02-27,30,1
1002,5810839084,2019-01-29,2019-02-26,28,1
1003,5812045418,2019-01-30,2019-02-28,29,1
1004,5816252351,2019-01-30,2019-02-28,29,1
1005,5816374705,2019-01-12,2019-02-28,47,1
1006,5817698022,2019-01-30,2019-02-28,29,1
1007,5817782860,2019-01-13,2019-02-27,45,1
1008,5820041723,2019-01-29,2019-02-28,30,1
1009,5820115460,2019-01-30,2019-02-20,21,1
1010,5822747579,2019-01-28,2019-02-28,31,1
1011,5822900107,2019-01-17,2019-02-18,32,1
1012,5823390004,2019-01-21,2019-02-28,38,1
1013,5824833357,2019-01-28,2019-02-28,31,1
1014,5829637035,2019-01-26,2019-02-24,29,1
1015,5830997173,2019-01-30,2019-02-13,14,1
1016,5831991158,2019-01-11,2019-01-11,0,0
1017,5832246538,2019-01-30,2019-02-28,29,1
1018,5834972394,2019-01-24,2019-02-26,33,1
1019,5835489350,2019-01-19,2019-02-28,40,1
1020,5838245070,2019-01-25,2019-02-27,33,1
1021,5839048524,2019-01-27,2019-02-15,19,1
1022,5844996898,2019-01-27,2019-02-22,26,1
1023,5846356827,2019-01-26,2019-02-28,33,1
1024,5848181083,2019-01-23,2019-02-17,25,1
1025,5850773153,2018-11-12,2018-11-12,0,0
1026,5851116850,2019-01-30,2019-02-26,27,1
1027,5851458310,2019-01-24,2019-01-24,0,0
1028,5852283045,2019-01-22,2019-02-25,34,1
1029,5854152877,2019-01-18,2019-01-18,0,0
1030,5855056222,2019-01-20,2019-01-20,0,0
1031,5855616934,2019-01-30,2019-02-28,29,1
1032,5857965034,2019-01-06,2019-01-06,0,0
1033,5858391768,2019-01-15,2019-02-20,36,1
1034,5860214730,2019-01-30,2019-02-26,27,1
1035,5862035012,2019-01-28,2019-02-27,30,1
1036,5864415601,2019-01-01,2019-02-15,45,1
1037,5866280665,2018-12-16,2018-12-16,0,0
1038,5866478576,2019-01-26,2019-02-24,29,1
1039,5867475855,2019-01-17,2019-02-27,41,1
1040,5869430236,2019-01-30,2019-02-08,9,1
1041,5875818035,2019-01-10,2019-02-26,47,1
1042,5877523625,2019-01-29,2019-02-26,28,1
1043,5877825819,2019-01-30,2019-02-27,28,1
1044,5883666772,2019-01-30,2019-02-28,29,1
1045,5885290632,2019-01-30,2019-02-27,28,1
1046,5887550381,2019-01-10,2019-02-12,33,1
1047,5889953203,2019-01-30,2019-02-26,27,1
1048,5899871717,2019-01-02,2019-01-02,0,0
1049,5901619795,2019-01-29,2019-02-27,29,1
1050,5904893503,2019-01-20,2019-01-20,0,0
1051,5906346180,2019-01-24,2019-02-27,34,1
1052,5907402834,2019-01-30,2019-02-27,28,1
1053,5917922405,2019-01-27,2019-02-28,32,1
1054,5918747939,2019-01-26,2019-02-17,22,1
1055,5922991593,2019-01-30,2019-02-28,29,1
1056,5927733112,2019-01-25,2019-02-28,34,1
1057,5930207561,2019-01-04,2019-02-28,55,1
1058,5933578141,2019-01-26,2019-02-27,32,1
1059,5944828341,2018-12-15,2019-02-28,75,1
1060,5951277239,2019-01-30,2019-02-25,26,1
1061,5952368114,2019-01-30,2019-02-28,29,1
1062,5953903020,2019-01-17,2019-02-27,41,1
1063,5955541079,2019-01-15,2019-01-15,0,0
1064,5956072031,2019-01-27,2019-02-25,29,1
1065,5956215881,2019-01-27,2019-02-28,32,1
1066,5956327281,2019-01-27,2019-02-24,28,1
1067,5956590346,2019-01-21,2019-02-25,35,1
1068,5956718838,2019-01-30,2019-02-28,29,1
1069,5956875700,2019-01-11,2019-02-24,44,1
1070,5957179355,2019-01-16,2019-02-28,43,1
1071,5958017588,2019-01-25,2019-02-28,34,1
1072,5959659075,2019-01-24,2019-02-25,32,1
1073,5959813651,2019-01-29,2019-02-28,30,1
1074,5960486882,2019-01-29,2019-02-28,30,1
1075,5960814041,2019-01-30,2019-02-28,29,1
1076,5961068283,2019-01-03,2019-01-03,0,0
1077,5961475087,2019-01-28,2019-02-28,31,1
1078,5962647313,2019-01-29,2019-02-16,18,1
1079,5962759717,2019-01-27,2019-02-28,32,1
1080,5962866103,2019-01-30,2019-02-28,29,1
1081,5963124893,2018-12-28,2019-02-28,62,1
1082,5963267525,2019-01-30,2019-02-27,28,1
1083,5963667268,2019-01-26,2019-02-28,33,1
1084,5963991497,2019-01-25,2019-02-28,34,1
1085,5964580405,2019-01-30,2019-02-25,26,1
1086,5964880936,2019-01-30,2019-02-28,29,1
1087,5965207345,2019-01-01,2019-02-28,58,1
1088,5965378320,2018-12-17,2018-12-17,0,0
1089,5966700373,2019-01-30,2019-02-28,29,1
1090,5968288772,2019-01-17,2019-02-26,40,1
1091,5968756004,2018-12-19,2019-02-28,71,1
1092,5968817709,2019-01-07,2019-02-21,45,1
1093,5969128497,2019-01-30,2019-02-28,29,1
1094,5969876282,2019-01-27,2019-02-28,32,1
1095,5970057890,2019-01-29,2019-02-28,30,1
1096,5970375228,2019-01-23,2019-02-28,36,1
1097,5970519925,2019-01-30,2019-02-27,28,1
1098,5970849972,2019-01-28,2019-02-26,29,1
1099,5970862115,2018-12-17,2019-02-27,72,1
1100,5971578792,2019-01-04,2019-02-12,39,1
1101,5971777133,2019-01-22,2019-02-26,35,1
1102,5973015334,2019-01-11,2019-02-25,45,1
1103,5973096791,2019-01-28,2019-02-27,30,1
1104,5973582713,2019-01-20,2019-02-22,33,1
1105,5973724450,2019-01-30,2019-02-26,27,1
1106,5974279771,2019-01-01,2019-02-17,47,1
1107,5974655182,2019-01-30,2019-02-28,29,1
1108,5975406086,2019-01-30,2019-02-26,27,1
1109,5975556055,2019-01-17,2019-02-20,34,1
1110,5975967958,2019-01-30,2019-02-23,24,1
1111,5976186743,2019-01-27,2019-01-27,0,0
1112,5976739604,2019-01-21,2019-02-28,38,1
1113,5976880555,2019-01-30,2019-02-28,29,1
1114,5976985795,2019-01-30,2019-02-28,29,1
1115,5977298744,2019-01-30,2019-02-28,29,1
1116,5977714644,2019-01-30,2019-02-28,29,1
1117,5977970123,2019-01-29,2019-02-28,30,1
1118,5978135815,2019-01-26,2019-02-27,32,1
1119,5978521520,2019-01-07,2019-01-07,0,0
1120,5978755512,2019-01-30,2019-02-28,29,1
1121,5978772704,2019-01-30,2019-02-24,25,1
1122,5978961324,2019-01-26,2019-01-31,5,1
1123,5979068178,2019-01-17,2019-02-12,26,1
1124,5979459549,2019-01-20,2019-02-28,39,1
1125,5979704223,2019-01-30,2019-02-28,29,1
1126,5980129369,2019-01-30,2019-02-28,29,1
1127,5980379054,2019-01-18,2019-02-27,40,1
1128,5981100941,2019-01-23,2019-02-15,23,1
1129,5981629219,2019-01-29,2019-02-28,30,1
1130,5981937451,2019-01-28,2019-02-27,30,1
1131,5982020565,2019-01-30,2019-01-30,0,0
1132,5982142737,2019-01-20,2019-02-17,28,1
1133,5982755164,2019-01-29,2019-02-26,28,1
1134,5982944379,2019-01-13,2019-02-28,46,1
1135,5982965721,2019-01-30,2019-02-26,27,1
1136,5982996165,2019-01-22,2019-01-22,0,0
1137,5983185120,2019-01-10,2019-02-22,43,1
1138,5983186138,2018-12-27,2019-02-28,63,1
1139,5983371743,2018-12-24,2018-12-24,0,0
1140,5983867693,2019-01-28,2019-02-27,30,1
1141,5984501413,2019-01-30,2019-02-27,28,1
1142,5985383735,2019-01-02,2019-02-27,56,1
1143,5986681861,2019-01-30,2019-02-28,29,1
1144,5986776363,2019-01-30,2019-02-26,27,1
1145,5987443873,2019-01-19,2019-02-20,32,1
1146,5987726222,2019-01-20,2019-02-24,35,1
1147,5988351018,2019-01-30,2019-02-27,28,1
1148,5988463674,2019-01-29,2019-02-28,30,1
1149,5988830656,2018-12-30,2019-02-07,39,1
1150,5988841782,2019-01-30,2019-02-28,29,1
1151,5990367063,2019-01-30,2019-02-28,29,1
1152,5991381840,2019-01-20,2019-02-26,37,1
1153,5991716116,2018-12-22,2018-12-22,0,0
1154,5991964773,2019-01-05,2019-01-05,0,0
1155,5992446074,2019-01-29,2019-02-20,22,1
1156,5992658187,2019-01-30,2019-02-28,29,1
1157,5993509152,2018-12-18,2018-12-18,0,0
1158,5994681941,2019-01-14,2019-01-14,0,0
1159,5997020406,2019-01-24,2019-02-28,35,1
1160,5998574074,2019-01-09,2019-02-21,43,1
1161,5998691661,2019-01-14,2019-02-01,18,1
1162,5999410847,2019-01-30,2019-02-28,29,1
1163,6000460969,2019-01-28,2019-02-28,31,1
1164,6005079852,2019-01-28,2019-02-28,31,1
